task,domain,origin,crisis_overlap,crisis_quarters,seed,generator,crps,qwcrps,energy,variogram,cov80,cov95,width80,width95
unconditional,US,2004Q4,True,4,7,GIB-VAR,0.566954,0.600766,8.725217,0.190702,0.833333,0.927083,2.266633,3.550524
unconditional,US,2004Q4,True,4,19,GIB-VAR,0.567125,0.601434,8.717048,0.191682,0.843750,0.927083,2.233631,3.469690
unconditional,US,2004Q4,True,4,43,GIB-VAR,0.570311,0.602201,8.983827,0.191072,0.843750,0.927083,2.261529,3.517265
unconditional,US,2005Q4,True,8,7,GIB-VAR,1.045540,1.240902,16.215580,0.484696,0.645833,0.781250,2.038901,3.270166
unconditional,US,2005Q4,True,8,19,GIB-VAR,1.050089,1.249819,16.114743,0.481235,0.677083,0.781250,2.068318,3.301059
unconditional,US,2005Q4,True,8,43,GIB-VAR,1.048149,1.242568,16.309051,0.484582,0.656250,0.781250,2.044199,3.260500
unconditional,US,2006Q4,True,12,7,GIB-VAR,1.474466,1.693578,20.380699,0.703015,0.458333,0.666667,2.249418,3.847569
unconditional,US,2006Q4,True,12,19,GIB-VAR,1.475952,1.694331,20.426508,0.704484,0.416667,0.666667,2.246302,3.828420
unconditional,US,2006Q4,True,12,43,GIB-VAR,1.479976,1.700029,20.329975,0.707225,0.447917,0.666667,2.252517,3.878027
unconditional,US,2007Q4,True,12,7,GIB-VAR,1.401409,1.593723,18.708467,0.599273,0.395833,0.697917,2.309487,4.293659
unconditional,US,2007Q4,True,12,19,GIB-VAR,1.409432,1.603369,18.745754,0.604141,0.385417,0.666667,2.317770,4.218690
unconditional,US,2007Q4,True,12,43,GIB-VAR,1.403797,1.598356,18.720613,0.601401,0.395833,0.708333,2.306766,4.225304
unconditional,US,2008Q4,True,8,7,GIB-VAR,0.816532,0.745976,10.194866,0.330701,0.822917,0.906250,4.338490,7.154187
unconditional,US,2008Q4,True,8,19,GIB-VAR,0.802363,0.742765,10.226505,0.322681,0.812500,0.916667,4.328896,6.999131
unconditional,US,2008Q4,True,8,43,GIB-VAR,0.820116,0.753154,10.260546,0.332045,0.812500,0.895833,4.285521,7.137725
unconditional,US,2009Q4,True,4,7,GIB-VAR,0.511919,0.442196,6.284731,0.161443,0.802083,0.906250,2.518874,4.316287
unconditional,US,2009Q4,True,4,19,GIB-VAR,0.510878,0.438466,6.353781,0.158616,0.802083,0.916667,2.514941,4.285725
unconditional,US,2009Q4,True,4,43,GIB-VAR,0.505637,0.435309,6.391914,0.159696,0.812500,0.916667,2.452631,4.127509
unconditional,US,2010Q4,False,0,7,GIB-VAR,0.455813,0.403870,5.694878,0.163128,0.843750,0.937500,2.372520,3.926339
unconditional,US,2010Q4,False,0,19,GIB-VAR,0.458615,0.409891,5.730846,0.164112,0.833333,0.937500,2.342971,3.906875
unconditional,US,2010Q4,False,0,43,GIB-VAR,0.452564,0.405574,5.624970,0.161782,0.843750,0.937500,2.352712,3.885916
unconditional,US,2011Q4,False,0,7,GIB-VAR,0.360963,0.345811,4.480775,0.126901,0.812500,1.000000,2.229185,3.841127
unconditional,US,2011Q4,False,0,19,GIB-VAR,0.358395,0.344010,4.516396,0.125179,0.812500,0.989583,2.189528,3.736929
unconditional,US,2011Q4,False,0,43,GIB-VAR,0.355594,0.340408,4.474399,0.122833,0.802083,1.000000,2.194986,3.708385
unconditional,US,2012Q4,False,0,7,GIB-VAR,0.299489,0.275289,3.813807,0.098191,0.947917,1.000000,2.077277,3.519694
unconditional,US,2012Q4,False,0,19,GIB-VAR,0.300943,0.281305,3.870973,0.098838,0.958333,1.000000,2.100201,3.533592
unconditional,US,2012Q4,False,0,43,GIB-VAR,0.301010,0.276668,3.798486,0.098592,0.968750,1.000000,2.078391,3.526139
unconditional,US,2013Q4,False,0,7,GIB-VAR,0.309985,0.263199,3.932884,0.093834,0.906250,1.000000,1.978195,3.382139
unconditional,US,2013Q4,False,0,19,GIB-VAR,0.306421,0.262508,3.830805,0.093916,0.916667,1.000000,2.019234,3.421480
unconditional,US,2013Q4,False,0,43,GIB-VAR,0.310659,0.261642,3.851690,0.093063,0.927083,1.000000,1.986962,3.360813
unconditional,US,2014Q4,False,0,7,GIB-VAR,0.261851,0.241533,3.394358,0.092109,0.958333,1.000000,1.940848,3.211727
unconditional,US,2014Q4,False,0,19,GIB-VAR,0.263758,0.243829,3.459938,0.092378,0.958333,1.000000,1.897342,3.163816
unconditional,US,2014Q4,False,0,43,GIB-VAR,0.268832,0.246793,3.497696,0.094577,0.958333,1.000000,1.920963,3.257470
unconditional,US,2015Q4,False,0,7,GIB-VAR,0.281905,0.272311,3.725001,0.109403,0.968750,0.989583,1.951752,3.267217
unconditional,US,2015Q4,False,0,19,GIB-VAR,0.279755,0.268073,3.651567,0.107640,0.968750,1.000000,1.934630,3.201269
unconditional,US,2015Q4,False,0,43,GIB-VAR,0.277736,0.266242,3.597419,0.107585,0.968750,1.000000,1.954722,3.241220
unconditional,US,2016Q4,False,2,7,GIB-VAR,0.282506,0.268268,3.727544,0.107115,0.947917,1.000000,1.886480,3.196378
unconditional,US,2016Q4,False,2,19,GIB-VAR,0.286788,0.272150,3.755324,0.110300,0.947917,1.000000,1.914982,3.226654
unconditional,US,2016Q4,False,2,43,GIB-VAR,0.287920,0.274881,3.879542,0.109726,0.947917,1.000000,1.910339,3.258730
unconditional,US,2017Q4,True,6,7,GIB-VAR,0.717012,0.703889,16.933407,0.493494,0.822917,0.916667,1.907178,3.208697
unconditional,US,2017Q4,True,6,19,GIB-VAR,0.710626,0.695588,16.804511,0.486430,0.822917,0.927083,1.934858,3.307711
unconditional,US,2017Q4,True,6,43,GIB-VAR,0.715163,0.699677,16.975114,0.494797,0.812500,0.906250,1.887164,3.189803
unconditional,US,2018Q4,True,10,7,GIB-VAR,0.867235,0.837861,17.835454,0.539874,0.614583,0.843750,1.882754,3.318615
unconditional,US,2018Q4,True,10,19,GIB-VAR,0.869034,0.837285,17.680771,0.539432,0.635417,0.833333,1.915950,3.274231
unconditional,US,2018Q4,True,10,43,GIB-VAR,0.872987,0.841858,17.949845,0.541111,0.635417,0.833333,1.885968,3.246626
unconditional,US,2019Q4,True,8,7,GIB-VAR,0.947515,0.929529,18.495514,0.598188,0.593750,0.781250,1.871330,3.229621
unconditional,US,2019Q4,True,8,19,GIB-VAR,0.948614,0.929241,18.451990,0.593233,0.572917,0.770833,1.909389,3.269396
unconditional,US,2019Q4,True,8,43,GIB-VAR,0.943704,0.923683,18.352015,0.591855,0.583333,0.812500,1.907886,3.285552
unconditional,US,2020Q4,True,4,7,GIB-VAR,0.479726,0.413626,6.064246,0.191957,0.739583,0.885417,1.938269,3.320970
unconditional,US,2020Q4,True,4,19,GIB-VAR,0.483945,0.418520,6.066962,0.192242,0.739583,0.875000,1.968950,3.364852
unconditional,US,2020Q4,True,4,43,GIB-VAR,0.481965,0.416714,5.977361,0.191436,0.739583,0.885417,1.967548,3.395737
unconditional,US,2021Q4,False,0,7,GIB-VAR,0.554876,0.471912,6.570976,0.208680,0.666667,0.812500,1.984044,3.394487
unconditional,US,2021Q4,False,0,19,GIB-VAR,0.552050,0.471220,6.556526,0.209260,0.656250,0.833333,1.958774,3.288123
unconditional,US,2021Q4,False,0,43,GIB-VAR,0.552340,0.470941,6.458704,0.204907,0.666667,0.833333,1.954080,3.297372
unconditional,US,2022Q4,False,0,7,GIB-VAR,0.317703,0.299602,4.113191,0.117062,0.916667,0.968750,1.864904,3.140612
unconditional,US,2022Q4,False,0,19,GIB-VAR,0.313528,0.295644,4.032447,0.114598,0.916667,0.968750,1.862622,3.130772
unconditional,US,2022Q4,False,0,43,GIB-VAR,0.320923,0.300615,4.068506,0.119026,0.906250,0.968750,1.857690,3.158340
unconditional,US,2004Q4,True,4,7,Gaussian VAR,0.627993,0.687330,9.871712,0.247017,0.697917,0.916667,1.778413,2.701143
unconditional,US,2004Q4,True,4,19,Gaussian VAR,0.631967,0.687951,10.010910,0.248041,0.697917,0.906250,1.796510,2.742192
unconditional,US,2004Q4,True,4,43,Gaussian VAR,0.623817,0.676623,10.064036,0.242897,0.729167,0.916667,1.802100,2.752512
unconditional,US,2005Q4,True,8,7,Gaussian VAR,1.088049,1.304632,16.523796,0.520030,0.531250,0.697917,1.754720,2.687615
unconditional,US,2005Q4,True,8,19,Gaussian VAR,1.091892,1.311800,16.558301,0.526225,0.531250,0.697917,1.744175,2.664757
unconditional,US,2005Q4,True,8,43,Gaussian VAR,1.089339,1.305720,16.610671,0.521744,0.520833,0.729167,1.747170,2.656080
unconditional,US,2006Q4,True,12,7,Gaussian VAR,1.634150,1.957587,21.703768,0.803582,0.302083,0.531250,1.798657,2.750510
unconditional,US,2006Q4,True,12,19,Gaussian VAR,1.615332,1.934869,21.511712,0.785816,0.291667,0.510417,1.808873,2.746819
unconditional,US,2006Q4,True,12,43,Gaussian VAR,1.636433,1.961645,21.841906,0.802925,0.302083,0.500000,1.812621,2.761401
unconditional,US,2007Q4,True,12,7,Gaussian VAR,1.109006,1.250119,15.410470,0.388037,0.520833,0.666667,1.913905,2.913078
unconditional,US,2007Q4,True,12,19,Gaussian VAR,1.110084,1.248983,15.419253,0.389515,0.520833,0.687500,1.949368,2.974674
unconditional,US,2007Q4,True,12,43,Gaussian VAR,1.109803,1.255675,15.575110,0.393519,0.531250,0.687500,1.941642,2.972465
unconditional,US,2008Q4,True,8,7,Gaussian VAR,3.186599,2.166217,37.409336,1.417009,0.187500,0.270833,2.299193,3.499154
unconditional,US,2008Q4,True,8,19,Gaussian VAR,3.211434,2.183545,37.396743,1.434583,0.187500,0.260417,2.318081,3.526968
unconditional,US,2008Q4,True,8,43,Gaussian VAR,3.197317,2.173481,37.230550,1.424880,0.187500,0.270833,2.307895,3.526899
unconditional,US,2009Q4,True,4,7,Gaussian VAR,0.803404,0.719363,9.603977,0.284243,0.458333,0.666667,1.905309,2.902248
unconditional,US,2009Q4,True,4,19,Gaussian VAR,0.801363,0.724080,9.698250,0.283368,0.437500,0.677083,1.904794,2.887513
unconditional,US,2009Q4,True,4,43,Gaussian VAR,0.814084,0.736419,9.764196,0.287406,0.437500,0.687500,1.894567,2.879285
unconditional,US,2010Q4,False,0,7,Gaussian VAR,0.574416,0.477728,7.876744,0.217238,0.687500,0.854167,1.884410,2.886856
unconditional,US,2010Q4,False,0,19,Gaussian VAR,0.567962,0.476086,7.584290,0.214155,0.708333,0.864583,1.921003,2.923257
unconditional,US,2010Q4,False,0,43,Gaussian VAR,0.567912,0.472063,7.715953,0.214035,0.718750,0.864583,1.882785,2.888567
unconditional,US,2011Q4,False,0,7,Gaussian VAR,0.438182,0.379361,5.648005,0.155813,0.812500,0.916667,1.904146,2.875750
unconditional,US,2011Q4,False,0,19,Gaussian VAR,0.429462,0.374325,5.371309,0.152181,0.802083,0.916667,1.870305,2.862644
unconditional,US,2011Q4,False,0,43,Gaussian VAR,0.441667,0.383469,5.652470,0.157645,0.812500,0.916667,1.891825,2.888956
unconditional,US,2012Q4,False,0,7,Gaussian VAR,0.270596,0.257744,3.479937,0.088040,0.958333,0.989583,1.874052,2.861178
unconditional,US,2012Q4,False,0,19,Gaussian VAR,0.273298,0.258301,3.498284,0.088883,0.947917,1.000000,1.873989,2.844951
unconditional,US,2012Q4,False,0,43,Gaussian VAR,0.269616,0.254641,3.448909,0.088357,0.958333,1.000000,1.891557,2.898441
unconditional,US,2013Q4,False,0,7,Gaussian VAR,0.300274,0.247744,3.689710,0.085742,0.916667,0.989583,1.839153,2.804587
unconditional,US,2013Q4,False,0,19,Gaussian VAR,0.300355,0.247810,3.572279,0.085036,0.916667,0.989583,1.838416,2.804795
unconditional,US,2013Q4,False,0,43,Gaussian VAR,0.298868,0.246336,3.691998,0.085296,0.916667,0.989583,1.845190,2.815782
unconditional,US,2014Q4,False,0,7,Gaussian VAR,0.268360,0.246446,3.473599,0.090303,0.958333,1.000000,1.840264,2.814351
unconditional,US,2014Q4,False,0,19,Gaussian VAR,0.270816,0.249062,3.458201,0.090404,0.979167,1.000000,1.841120,2.797766
unconditional,US,2014Q4,False,0,43,Gaussian VAR,0.269212,0.247102,3.537158,0.089895,0.968750,1.000000,1.817362,2.776285
unconditional,US,2015Q4,False,0,7,Gaussian VAR,0.338457,0.305311,4.294888,0.128543,0.916667,0.989583,1.828907,2.799237
unconditional,US,2015Q4,False,0,19,Gaussian VAR,0.335410,0.304180,4.183424,0.126902,0.937500,1.000000,1.826222,2.779831
unconditional,US,2015Q4,False,0,43,Gaussian VAR,0.331995,0.301506,4.200665,0.126679,0.947917,1.000000,1.837689,2.799999
unconditional,US,2016Q4,False,2,7,Gaussian VAR,0.358538,0.326403,4.451828,0.139811,0.854167,1.000000,1.853219,2.839757
unconditional,US,2016Q4,False,2,19,Gaussian VAR,0.360631,0.329583,4.476573,0.141036,0.843750,1.000000,1.826994,2.788107
unconditional,US,2016Q4,False,2,43,Gaussian VAR,0.365997,0.332599,4.500257,0.143149,0.822917,1.000000,1.804817,2.753389
unconditional,US,2017Q4,True,6,7,Gaussian VAR,0.721401,0.711150,16.911413,0.481915,0.812500,0.906250,1.836672,2.793175
unconditional,US,2017Q4,True,6,19,Gaussian VAR,0.723258,0.714330,17.016262,0.480982,0.812500,0.906250,1.847656,2.808022
unconditional,US,2017Q4,True,6,43,Gaussian VAR,0.721125,0.712970,16.958436,0.481693,0.822917,0.906250,1.826283,2.780065
unconditional,US,2018Q4,True,10,7,Gaussian VAR,0.909809,0.867094,17.975242,0.541537,0.531250,0.843750,1.835864,2.795805
unconditional,US,2018Q4,True,10,19,Gaussian VAR,0.910495,0.865382,17.841982,0.541975,0.510417,0.833333,1.825597,2.797199
unconditional,US,2018Q4,True,10,43,Gaussian VAR,0.907977,0.863125,18.017159,0.543181,0.531250,0.843750,1.829013,2.792825
unconditional,US,2019Q4,True,8,7,Gaussian VAR,1.004731,0.986897,18.993879,0.600901,0.520833,0.718750,1.845588,2.791605
unconditional,US,2019Q4,True,8,19,Gaussian VAR,0.997880,0.983991,18.980376,0.597282,0.520833,0.729167,1.856065,2.830195
unconditional,US,2019Q4,True,8,43,Gaussian VAR,0.998717,0.982586,19.063623,0.598757,0.510417,0.718750,1.822745,2.772646
unconditional,US,2020Q4,True,4,7,Gaussian VAR,0.473152,0.413390,5.769833,0.179428,0.802083,0.875000,1.983215,3.043005
unconditional,US,2020Q4,True,4,19,Gaussian VAR,0.477648,0.419888,5.935261,0.181422,0.812500,0.864583,1.965412,3.009502
unconditional,US,2020Q4,True,4,43,Gaussian VAR,0.473195,0.414353,5.829821,0.179289,0.802083,0.854167,1.983849,3.045116
unconditional,US,2021Q4,False,0,7,Gaussian VAR,0.597492,0.532970,6.877492,0.218850,0.656250,0.739583,1.985308,3.024089
unconditional,US,2021Q4,False,0,19,Gaussian VAR,0.596056,0.533051,6.819351,0.216239,0.645833,0.739583,1.980219,3.022210
unconditional,US,2021Q4,False,0,43,Gaussian VAR,0.589432,0.522691,6.852048,0.214830,0.656250,0.739583,1.983950,3.044127
unconditional,US,2022Q4,False,0,7,Gaussian VAR,0.387871,0.369336,4.646538,0.150888,0.864583,0.927083,2.013087,3.064268
unconditional,US,2022Q4,False,0,19,Gaussian VAR,0.387121,0.369140,4.624803,0.150169,0.864583,0.927083,2.008979,3.059955
unconditional,US,2022Q4,False,0,43,Gaussian VAR,0.384378,0.367182,4.717462,0.148197,0.854167,0.916667,2.012342,3.082871
unconditional,US,2004Q4,True,4,7,Minnesota BVAR,0.600639,0.629517,9.546702,0.194920,0.875000,0.927083,2.413462,3.773806
unconditional,US,2004Q4,True,4,19,Minnesota BVAR,0.597048,0.628685,9.582367,0.196476,0.875000,0.916667,2.424847,3.808504
unconditional,US,2004Q4,True,4,43,Minnesota BVAR,0.601548,0.628342,9.516394,0.195510,0.854167,0.916667,2.405485,3.777038
unconditional,US,2005Q4,True,8,7,Minnesota BVAR,1.054278,1.233686,16.121573,0.481338,0.677083,0.781250,2.174557,3.388890
unconditional,US,2005Q4,True,8,19,Minnesota BVAR,1.035641,1.204976,15.675580,0.468458,0.687500,0.781250,2.207883,3.439128
unconditional,US,2005Q4,True,8,43,Minnesota BVAR,1.038565,1.213629,15.846411,0.473071,0.666667,0.791667,2.183361,3.427204
unconditional,US,2006Q4,True,12,7,Minnesota BVAR,1.452339,1.649767,19.796761,0.698775,0.479167,0.645833,2.321497,3.571275
unconditional,US,2006Q4,True,12,19,Minnesota BVAR,1.459983,1.661340,20.030666,0.705304,0.489583,0.677083,2.316328,3.617411
unconditional,US,2006Q4,True,12,43,Minnesota BVAR,1.462931,1.662187,19.878384,0.705883,0.489583,0.656250,2.328663,3.652518
unconditional,US,2007Q4,True,12,7,Minnesota BVAR,1.137044,1.252596,15.866258,0.459570,0.625000,0.770833,2.865905,4.555956
unconditional,US,2007Q4,True,12,19,Minnesota BVAR,1.137530,1.262491,15.838456,0.458836,0.635417,0.781250,2.823468,4.418065
unconditional,US,2007Q4,True,12,43,Minnesota BVAR,1.152264,1.280585,16.121725,0.471686,0.625000,0.770833,2.823755,4.403309
unconditional,US,2008Q4,True,8,7,Minnesota BVAR,1.365541,1.198140,16.140134,0.622182,0.614583,0.781250,4.858606,7.740808
unconditional,US,2008Q4,True,8,19,Minnesota BVAR,1.377750,1.206311,15.877343,0.626782,0.593750,0.760417,4.863123,7.792481
unconditional,US,2008Q4,True,8,43,Minnesota BVAR,1.374500,1.200499,16.833599,0.621730,0.604167,0.770833,4.862044,7.739052
unconditional,US,2009Q4,True,4,7,Minnesota BVAR,0.556852,0.449054,6.699260,0.184913,0.781250,0.958333,2.596211,4.023717
unconditional,US,2009Q4,True,4,19,Minnesota BVAR,0.574309,0.457342,6.908124,0.191263,0.770833,0.937500,2.645174,4.110149
unconditional,US,2009Q4,True,4,43,Minnesota BVAR,0.557605,0.450265,6.948925,0.188684,0.781250,0.947917,2.596018,4.007789
unconditional,US,2010Q4,False,0,7,Minnesota BVAR,0.438578,0.396542,5.704404,0.158442,0.875000,0.989583,2.380508,3.710390
unconditional,US,2010Q4,False,0,19,Minnesota BVAR,0.435686,0.393550,5.523132,0.156695,0.885417,1.000000,2.368750,3.691725
unconditional,US,2010Q4,False,0,43,Minnesota BVAR,0.435297,0.393696,5.557999,0.157172,0.885417,0.989583,2.379175,3.685854
unconditional,US,2011Q4,False,0,7,Minnesota BVAR,0.341814,0.335587,4.353012,0.119955,0.947917,1.000000,2.286645,3.538883
unconditional,US,2011Q4,False,0,19,Minnesota BVAR,0.341444,0.335812,4.317367,0.120088,0.937500,0.989583,2.302198,3.588906
unconditional,US,2011Q4,False,0,43,Minnesota BVAR,0.338777,0.329599,4.253595,0.117749,0.958333,0.989583,2.253408,3.486795
unconditional,US,2012Q4,False,0,7,Minnesota BVAR,0.293676,0.266192,3.672817,0.099435,0.979167,1.000000,2.255763,3.466127
unconditional,US,2012Q4,False,0,19,Minnesota BVAR,0.289012,0.258529,3.637812,0.098089,0.979167,1.000000,2.233037,3.472280
unconditional,US,2012Q4,False,0,43,Minnesota BVAR,0.291710,0.263844,3.757027,0.099276,0.989583,1.000000,2.258193,3.471820
unconditional,US,2013Q4,False,0,7,Minnesota BVAR,0.311190,0.257920,3.884548,0.098132,0.979167,0.989583,2.128122,3.294858
unconditional,US,2013Q4,False,0,19,Minnesota BVAR,0.305823,0.257513,3.770119,0.096529,0.979167,0.989583,2.110397,3.257064
unconditional,US,2013Q4,False,0,43,Minnesota BVAR,0.313041,0.259709,3.845127,0.098581,0.979167,0.989583,2.125977,3.309214
unconditional,US,2014Q4,False,0,7,Minnesota BVAR,0.273828,0.245303,3.498704,0.095538,0.989583,1.000000,2.112986,3.251735
unconditional,US,2014Q4,False,0,19,Minnesota BVAR,0.274164,0.244305,3.541044,0.096764,0.989583,1.000000,2.091337,3.229684
unconditional,US,2014Q4,False,0,43,Minnesota BVAR,0.271316,0.243056,3.493226,0.094615,0.989583,1.000000,2.083150,3.218219
unconditional,US,2015Q4,False,0,7,Minnesota BVAR,0.304965,0.279788,3.925918,0.118472,0.979167,1.000000,2.148340,3.333061
unconditional,US,2015Q4,False,0,19,Minnesota BVAR,0.305693,0.279800,3.866333,0.118558,0.979167,0.989583,2.166957,3.311325
unconditional,US,2015Q4,False,0,43,Minnesota BVAR,0.299638,0.272828,3.833133,0.116226,0.979167,1.000000,2.127009,3.297554
unconditional,US,2016Q4,False,2,7,Minnesota BVAR,0.311939,0.291272,3.928594,0.121194,0.968750,0.989583,2.082803,3.234390
unconditional,US,2016Q4,False,2,19,Minnesota BVAR,0.309914,0.288998,3.973599,0.119865,0.968750,1.000000,2.071980,3.192396
unconditional,US,2016Q4,False,2,43,Minnesota BVAR,0.311516,0.294193,3.987414,0.121795,0.968750,0.989583,2.107792,3.258177
unconditional,US,2017Q4,True,6,7,Minnesota BVAR,0.730527,0.717826,16.710231,0.491353,0.843750,0.916667,2.118215,3.256720
unconditional,US,2017Q4,True,6,19,Minnesota BVAR,0.728821,0.715501,16.782887,0.492138,0.843750,0.906250,2.076515,3.181961
unconditional,US,2017Q4,True,6,43,Minnesota BVAR,0.730644,0.721092,16.802493,0.492068,0.843750,0.916667,2.103120,3.249217
unconditional,US,2018Q4,True,10,7,Minnesota BVAR,0.894601,0.861316,17.594837,0.534921,0.614583,0.875000,2.044870,3.142962
unconditional,US,2018Q4,True,10,19,Minnesota BVAR,0.899900,0.868447,17.751340,0.536967,0.645833,0.885417,2.042188,3.149051
unconditional,US,2018Q4,True,10,43,Minnesota BVAR,0.900051,0.867898,17.862287,0.536785,0.666667,0.895833,2.046449,3.163383
unconditional,US,2019Q4,True,8,7,Minnesota BVAR,0.947715,0.943951,18.289361,0.581617,0.593750,0.822917,2.085871,3.209094
unconditional,US,2019Q4,True,8,19,Minnesota BVAR,0.949205,0.945762,18.416250,0.581986,0.572917,0.822917,2.087985,3.212661
unconditional,US,2019Q4,True,8,43,Minnesota BVAR,0.949847,0.947552,18.489239,0.579941,0.562500,0.822917,2.049063,3.156694
unconditional,US,2020Q4,True,4,7,Minnesota BVAR,0.503363,0.438930,6.311819,0.203732,0.812500,0.927083,2.232911,3.461367
unconditional,US,2020Q4,True,4,19,Minnesota BVAR,0.500964,0.437006,6.192413,0.202856,0.812500,0.906250,2.234021,3.424163
unconditional,US,2020Q4,True,4,43,Minnesota BVAR,0.505142,0.441988,6.237372,0.204695,0.812500,0.927083,2.240229,3.454821
unconditional,US,2021Q4,False,0,7,Minnesota BVAR,0.580467,0.500195,6.764197,0.216035,0.697917,0.854167,2.198147,3.408063
unconditional,US,2021Q4,False,0,19,Minnesota BVAR,0.577275,0.494273,6.612136,0.216101,0.708333,0.833333,2.222139,3.416041
unconditional,US,2021Q4,False,0,43,Minnesota BVAR,0.581379,0.502474,6.767965,0.215394,0.697917,0.843750,2.225977,3.400969
unconditional,US,2022Q4,False,0,7,Minnesota BVAR,0.361589,0.351880,4.365414,0.141714,0.916667,0.968750,2.199061,3.392259
unconditional,US,2022Q4,False,0,19,Minnesota BVAR,0.366281,0.356021,4.453815,0.144404,0.916667,0.958333,2.216839,3.436418
unconditional,US,2022Q4,False,0,43,Minnesota BVAR,0.368162,0.357344,4.498662,0.145219,0.916667,0.958333,2.213438,3.431421
unconditional,US,2004Q4,True,4,7,AR-t,0.671668,0.758471,11.204831,0.209278,0.875000,0.916667,2.013114,3.355787
unconditional,US,2004Q4,True,4,19,AR-t,0.670672,0.759154,11.131282,0.208696,0.875000,0.916667,2.031366,3.382903
unconditional,US,2004Q4,True,4,43,AR-t,0.680396,0.771385,11.210931,0.211773,0.864583,0.916667,1.999484,3.337815
unconditional,US,2005Q4,True,8,7,AR-t,1.069473,1.257259,16.473649,0.477032,0.656250,0.770833,2.038190,3.397280
unconditional,US,2005Q4,True,8,19,AR-t,1.076799,1.271406,16.441997,0.481667,0.666667,0.770833,2.018775,3.381695
unconditional,US,2005Q4,True,8,43,AR-t,1.073420,1.262386,16.523185,0.479271,0.645833,0.770833,2.033551,3.421088
unconditional,US,2006Q4,True,12,7,AR-t,1.500312,1.740211,20.654997,0.732156,0.427083,0.604167,2.039874,3.451032
unconditional,US,2006Q4,True,12,19,AR-t,1.501280,1.736825,20.829649,0.726412,0.416667,0.593750,2.043625,3.450785
unconditional,US,2006Q4,True,12,43,AR-t,1.511144,1.750248,20.728597,0.732540,0.395833,0.583333,2.024737,3.446048
unconditional,US,2007Q4,True,12,7,AR-t,1.419746,1.612803,19.153622,0.616010,0.364583,0.625000,2.044682,3.441749
unconditional,US,2007Q4,True,12,19,AR-t,1.434195,1.634319,19.383391,0.631882,0.364583,0.656250,2.061925,3.458102
unconditional,US,2007Q4,True,12,43,AR-t,1.419015,1.618621,19.120067,0.613880,0.364583,0.614583,2.046882,3.426487
unconditional,US,2008Q4,True,8,7,AR-t,1.134109,0.915098,13.645249,0.476856,0.395833,0.687500,2.019778,3.446030
unconditional,US,2008Q4,True,8,19,AR-t,1.124173,0.901916,13.673146,0.470757,0.416667,0.666667,2.019695,3.414256
unconditional,US,2008Q4,True,8,43,AR-t,1.126682,0.905447,13.639078,0.475653,0.427083,0.687500,2.027876,3.460027
unconditional,US,2009Q4,True,4,7,AR-t,0.497473,0.415386,6.085178,0.163085,0.687500,0.895833,1.894833,3.360883
unconditional,US,2009Q4,True,4,19,AR-t,0.492924,0.408918,5.968559,0.162905,0.718750,0.916667,1.935328,3.459496
unconditional,US,2009Q4,True,4,43,AR-t,0.491761,0.407309,6.017317,0.161019,0.708333,0.916667,1.915667,3.368445
unconditional,US,2010Q4,False,0,7,AR-t,0.452539,0.395255,5.578131,0.159894,0.760417,0.979167,1.918755,3.402167
unconditional,US,2010Q4,False,0,19,AR-t,0.452747,0.393879,5.444679,0.160582,0.781250,0.979167,1.927700,3.415329
unconditional,US,2010Q4,False,0,43,AR-t,0.443687,0.388244,5.472350,0.157092,0.770833,0.979167,1.916264,3.393337
unconditional,US,2011Q4,False,0,7,AR-t,0.328066,0.291284,4.330195,0.110854,0.895833,0.989583,1.949134,3.378954
unconditional,US,2011Q4,False,0,19,AR-t,0.329946,0.292286,4.332185,0.111069,0.895833,0.989583,1.960987,3.356315
unconditional,US,2011Q4,False,0,43,AR-t,0.332197,0.292912,4.230374,0.112531,0.895833,0.989583,1.962554,3.313998
unconditional,US,2012Q4,False,0,7,AR-t,0.318208,0.274064,4.135071,0.106383,0.927083,1.000000,1.924713,3.332058
unconditional,US,2012Q4,False,0,19,AR-t,0.322996,0.276423,4.228756,0.106991,0.937500,1.000000,1.910680,3.270981
unconditional,US,2012Q4,False,0,43,AR-t,0.320736,0.277005,4.196182,0.105918,0.906250,1.000000,1.906755,3.307528
unconditional,US,2013Q4,False,0,7,AR-t,0.311477,0.270235,3.962264,0.108265,0.927083,1.000000,1.890237,3.368476
unconditional,US,2013Q4,False,0,19,AR-t,0.313019,0.267391,4.093935,0.108316,0.937500,0.989583,1.896087,3.306593
unconditional,US,2013Q4,False,0,43,AR-t,0.309874,0.266709,3.933319,0.106985,0.947917,1.000000,1.897868,3.283032
unconditional,US,2014Q4,False,0,7,AR-t,0.256701,0.234449,3.435936,0.099549,0.958333,1.000000,1.881193,3.263088
unconditional,US,2014Q4,False,0,19,AR-t,0.255227,0.232019,3.470614,0.097208,0.958333,0.989583,1.868743,3.227224
unconditional,US,2014Q4,False,0,43,AR-t,0.253270,0.229354,3.435026,0.097224,0.968750,0.989583,1.869615,3.226775
unconditional,US,2015Q4,False,0,7,AR-t,0.262843,0.239671,3.572535,0.105827,0.968750,1.000000,1.853803,3.197173
unconditional,US,2015Q4,False,0,19,AR-t,0.259753,0.241111,3.641452,0.107018,0.968750,0.979167,1.869495,3.266991
unconditional,US,2015Q4,False,0,43,AR-t,0.260469,0.238513,3.589978,0.104744,0.968750,0.989583,1.844844,3.170014
unconditional,US,2016Q4,False,2,7,AR-t,0.295855,0.259564,4.046651,0.117328,0.968750,0.989583,1.842996,3.198569
unconditional,US,2016Q4,False,2,19,AR-t,0.295313,0.260249,3.975733,0.118106,0.968750,0.989583,1.848551,3.216594
unconditional,US,2016Q4,False,2,43,AR-t,0.293459,0.261370,3.937488,0.117274,0.968750,1.000000,1.844360,3.201159
unconditional,US,2017Q4,True,6,7,AR-t,0.723935,0.708417,16.521109,0.487456,0.833333,0.916667,1.830417,3.276932
unconditional,US,2017Q4,True,6,19,AR-t,0.724305,0.709525,16.530190,0.485437,0.843750,0.916667,1.818699,3.199110
unconditional,US,2017Q4,True,6,43,AR-t,0.722917,0.706533,16.533713,0.484976,0.833333,0.927083,1.834300,3.246224
unconditional,US,2018Q4,True,10,7,AR-t,0.880494,0.849332,17.476618,0.536303,0.583333,0.843750,1.811766,3.200908
unconditional,US,2018Q4,True,10,19,AR-t,0.886843,0.857899,17.675629,0.536952,0.593750,0.854167,1.801965,3.223283
unconditional,US,2018Q4,True,10,43,AR-t,0.884834,0.854777,17.641068,0.536443,0.614583,0.864583,1.813260,3.255978
unconditional,US,2019Q4,True,8,7,AR-t,0.904125,0.903611,17.928750,0.564779,0.625000,0.822917,1.792692,3.200576
unconditional,US,2019Q4,True,8,19,AR-t,0.898483,0.898423,17.895518,0.562107,0.614583,0.854167,1.817807,3.229707
unconditional,US,2019Q4,True,8,43,AR-t,0.898331,0.903104,17.845561,0.563713,0.635417,0.833333,1.811456,3.256651
unconditional,US,2020Q4,True,4,7,AR-t,0.493767,0.424035,6.265698,0.198374,0.708333,0.885417,1.713824,3.197389
unconditional,US,2020Q4,True,4,19,AR-t,0.502921,0.430378,6.466909,0.202411,0.718750,0.906250,1.732991,3.299703
unconditional,US,2020Q4,True,4,43,AR-t,0.489946,0.417316,6.210181,0.195709,0.708333,0.906250,1.739619,3.255386
unconditional,US,2021Q4,False,0,7,AR-t,0.556489,0.471702,6.932581,0.203526,0.656250,0.781250,1.709704,3.214223
unconditional,US,2021Q4,False,0,19,AR-t,0.560746,0.478625,6.799971,0.204576,0.625000,0.802083,1.702963,3.235647
unconditional,US,2021Q4,False,0,43,AR-t,0.552696,0.467758,6.679486,0.201342,0.666667,0.802083,1.707927,3.178969
unconditional,US,2022Q4,False,0,7,AR-t,0.265241,0.243152,3.774205,0.091742,0.979167,0.989583,1.759385,3.259102
unconditional,US,2022Q4,False,0,19,AR-t,0.257364,0.236922,3.711869,0.089644,0.979167,0.989583,1.741670,3.246912
unconditional,US,2022Q4,False,0,43,AR-t,0.262135,0.240074,3.790386,0.091918,0.979167,0.989583,1.776157,3.270289
